insert into categoria values ('Cereais');
insert into categoria values ('Cereais Pequeno Almoco');
insert into categoria values ('Cereais Comuns');
insert into categoria values ('Doces');
insert into categoria values ('Chocolate');
insert into categoria values ('Bolachas');
insert into categoria values ('Peixe');
insert into categoria values ('Peixe de Mar');
insert into categoria values ('Peixe de Rio');
insert into categoria values ('Carne');
insert into categoria values ('Carne Bovina');
insert into categoria values ('Carne de Aves');
insert into categoria values ('Carne Suina');
insert into categoria values ('Fruta');
insert into categoria values ('Lacticinios');
insert into categoria values ('Leite de Vaca');
insert into categoria values ('Iogurte');

insert into categoria_simples values ('Cereais Pequeno Almoco');
insert into categoria_simples values ('Cereais Comuns');
insert into categoria_simples values ('Chocolate');
insert into categoria_simples values ('Bolachas');
insert into categoria_simples values ('Peixe de Mar');
insert into categoria_simples values ('Peixe de Rio');
insert into categoria_simples values ('Carne Bovina');
insert into categoria_simples values ('Carne de Aves');
insert into categoria_simples values ('Carne Suina');
insert into categoria_simples values ('Fruta');
insert into categoria_simples values ('Leite de Vaca');
insert into categoria_simples values ('Iogurte');

	insert into super_categoria values ('Cereais');
insert into super_categoria values ('Doces');
insert into super_categoria values ('Carne');
insert into super_categoria values ('Peixe');
insert into super_categoria values ('Lacticinios');

insert into constituida values ('Cereais', 'Cereais Pequeno Almoco');
insert into constituida values ('Cereais', 'Cereais Comuns');
insert into constituida values ('Doces', 'Chocolate');
insert into constituida values ('Doces', 'Bolachas');
insert into constituida values ('Carne', 'Carne Bovina');
insert into constituida values ('Carne', 'Carne de Aves');
insert into constituida values ('Carne', 'Carne Suina');
insert into constituida values ('Peixe', 'Peixe de Mar');
insert into constituida values ('Peixe', 'Peixe de Rio');
insert into constituida values ('Lacticinios', 'Leite de Vaca');
insert into constituida values ('Lacticinios', 'Iogurte');

insert into fornecedor values (267081367, 'Nestle');
insert into fornecedor values (381710131, 'JMiguel');
insert into fornecedor values (912371610, 'Casa dos Cereais');
insert into fornecedor values (113156131, 'Nabisco');
insert into fornecedor values (411317713, 'Candyland');
insert into fornecedor values (901725618, 'Sweetooth');
insert into fornecedor values (735151289, 'Foobar');
insert into fornecedor values (128312961, 'TaoGordo LDA');
insert into fornecedor values (881237151, 'Triunfo');
insert into fornecedor values (363519001, 'SoulDiet');
insert into fornecedor values (521721910, 'PuffPuff');
insert into fornecedor values (632178362, 'WeLikeEmSweetAndSource');
insert into fornecedor values (213871711, 'EatDis');
insert into fornecedor values (352172139, 'EverBigger');
insert into fornecedor values (123085612, 'Carnes Jacinto');
insert into fornecedor values (780176631, 'Sabores Do Mar');
insert into fornecedor values (253191001, 'Frutogal');
insert into fornecedor values (278310135, 'Mercearia21');
insert into fornecedor values (111716311, 'Sociedade do Leite');

insert into produto values (1173946541904, 'Chocapic', 'Cereais Pequeno Almoco',267081367,'2017-07-29');
insert into produto values (1485975080046, 'Cheerios', 'Cereais Pequeno Almoco', 267081367,'2017-02-05');
insert into produto values (1688749857592, 'Estrelitas', 'Cereais Pequeno Almoco', 267081367,'2017-06-12');
insert into produto values (2732276439497, 'Kellogs', 'Cereais Pequeno Almoco', 912371610,'2017-03-29');
insert into produto values (2788286814425, 'Milka', 'Chocolate', 411317713,'2017-07-29');
insert into produto values (2901207000030, 'Ferrero', 'Chocolate', 128312961,'2017-02-26');
insert into produto values (2913656132493, 'Merci', 'Chocolate', 128312961,'2017-02-26');
insert into produto values (3248666555758, 'Rafaelo', 'Chocolate', 128312961,'2017-02-26');
insert into produto values (3379262152689, 'Oreo', 'Bolachas', 113156131,'2017-07-12');
insert into produto values (3504045126739, 'Chipsahoy', 'Bolachas', 113156131,'2017-07-12');
insert into produto values (3598599749415, 'Filipinos Brancos', 'Bolachas', 881237151,'2017-10-20');
insert into produto values (3725127445588, 'Filipinos Chocolate Negro', 'Bolachas', 881237151,'2017-10-20');
insert into produto values (3987796545437, 'Filipinos Chocolate Leite', 'Bolachas', 881237151,'2017-10-20');
insert into produto values (5082709872237, 'Chipmix', 'Bolachas', 113156131,'2017-07-12');
insert into produto values (5903943214909, 'Belgas', 'Bolachas', 881237151,'2017-10-20');
insert into produto values (5868032419653, 'Carapaus', 'Peixe de Mar', 780176631,'2017-08-22');
insert into produto values (6387159284642, 'Salmao', 'Peixe de Rio', 780176631,'2017-08-22');
insert into produto values (5963744306872, 'Lombos de Porco', 'Carne Suina', 123085612,'2017-09-15');
insert into produto values (6289960572145, 'Febras', 'Carne Suina', 123085612,'2017-09-15');
insert into produto values (9064995664387, 'Peitos de Frango', 'Carne de Aves', 123085612,'2017-09-15');
insert into produto values (9064995664447, 'Bife de Peru', 'Carne de Aves', 123085612,'2017-09-15');
insert into produto values (9065005664387, 'Hamburger de Aves', 'Carne de Aves', 123085612,'2017-09-15');
insert into produto values (9584451634819, 'Hamburger de Vaca', 'Carne Bovina', 123085612,'2017-09-15');
insert into produto values (6568482112131, 'Banana', 'Fruta', 253191001,'2017-05-03');
insert into produto values (6637277148509, 'Maca', 'Fruta', 253191001,'2017-05-03');
insert into produto values (7608982293523, 'Abacaxi', 'Fruta', 278310135,'2017-02-25');
insert into produto values (7720163119999, 'Abacate', 'Fruta', 278310135,'2017-02-25');
insert into produto values (8613741200154, 'Pera', 'Fruta', 253191001,'2017-05-03');
insert into produto values (8930451391260, 'Morangos', 'Fruta', 278310135,'2017-02-25');
insert into produto values (9055813168568, 'Framboesas', 'Fruta', 278310135,'2017-02-25');;
insert into produto values (9592730540609, 'Arroz Cigala', 'Cereais Comuns', 912371610,'2017-03-26');
insert into produto values (9594553585781, 'Arroz Basmatic', 'Cereais Comuns', 912371610,'2017-03-26');
insert into produto values (9709305883142, 'Arroz Integral Ceara', 'Cereais Comuns', 912371610,'2017-03-26');
insert into produto values (9878849698066, 'Esparguete Buitoni', 'Cereais Comuns', 912371610,'2017-03-26');
insert into produto values (1480368263471, 'Esparguete Milaenza', 'Cereais Comuns', 912371610,'2017-03-26');
insert into produto values (2259191076425, 'Iogurte Morango', 'Iogurte', 111716311,'2017-04-11');
insert into produto values (2745218999922, 'Iogurte Banana-Pessego', 'Iogurte', 111716311,'2017-04-11');
insert into produto values (4378032769996, 'Iogurte Natural', 'Iogurte', 111716311,'2017-04-11');
insert into produto values (6387159284643, 'Leite Magro Mimosa', 'Leite de Vaca', 111716311,'2017-04-11');
insert into produto values (6387159284644, 'Leite Meio-Gordo Mimosa', 'Leite de Vaca', 111716311,'2017-04-11;');

insert into fornece_sec values (411317713, 3504045126739);
insert into fornece_sec values (901725618, 3504045126739);
insert into fornece_sec values (735151289, 3504045126739);
insert into fornece_sec values (128312961, 3504045126739);
insert into fornece_sec values (881237151, 3504045126739);
insert into fornece_sec values (363519001, 3504045126739);
insert into fornece_sec values (521721910, 3504045126739);
insert into fornece_sec values (632178362, 3504045126739);
insert into fornece_sec values (352172139, 3504045126739);
insert into fornece_sec values (278310135, 3504045126739);
insert into fornece_sec values (381710131, 1173946541904);
insert into fornece_sec values (381710131, 1485975080046);
insert into fornece_sec values (381710131, 1688749857592);
insert into fornece_sec values (381710131, 2732276439497);
insert into fornece_sec values (128312961, 3598599749415);
insert into fornece_sec values (128312961, 3725127445588);
insert into fornece_sec values (128312961, 3987796545437);
insert into fornece_sec values (128312961, 3379262152689);
insert into fornece_sec values (278310135, 9592730540609);
insert into fornece_sec values (278310135, 9594553585781);
insert into fornece_sec values (278310135, 9709305883142);

insert into corredor values (1, 3.00);
insert into corredor values (2, 3.00);
insert into corredor values (3, 3.00);
insert into corredor values (4, 6.50);
insert into corredor values (5, 6.50);
insert into corredor values (6, 6.50);
insert into corredor values (7, 6.50);

insert into prateleira values (1, 'esquerdo', 'chao');
insert into prateleira values (1, 'esquerdo', 'medio');
insert into prateleira values (1, 'esquerdo', 'superior');
insert into prateleira values (1, 'direito', 'chao');
insert into prateleira values (1, 'direito', 'medio');
insert into prateleira values (1, 'direito', 'superior');
insert into prateleira values (2, 'esquerdo', 'chao');
insert into prateleira values (2, 'esquerdo', 'medio');
insert into prateleira values (2, 'esquerdo', 'superior');
insert into prateleira values (2, 'direito', 'chao');
insert into prateleira values (2, 'direito', 'medio');
insert into prateleira values (2, 'direito', 'superior');
insert into prateleira values (3, 'esquerdo', 'chao');
insert into prateleira values (3, 'esquerdo', 'medio');
insert into prateleira values (3, 'esquerdo', 'superior');
insert into prateleira values (3, 'direito', 'chao');
insert into prateleira values (3, 'direito', 'medio');
insert into prateleira values (3, 'direito', 'superior');
insert into prateleira values (4, 'esquerdo', 'chao');
insert into prateleira values (4, 'esquerdo', 'medio');
insert into prateleira values (4, 'esquerdo', 'superior');
insert into prateleira values (4, 'direito', 'chao');
insert into prateleira values (4, 'direito', 'medio');
insert into prateleira values (4, 'direito', 'superior');
insert into prateleira values (5, 'esquerdo', 'chao');
insert into prateleira values (5, 'esquerdo', 'medio');
insert into prateleira values (5, 'esquerdo', 'superior');
insert into prateleira values (5, 'direito', 'chao');
insert into prateleira values (5, 'direito', 'medio');
insert into prateleira values (5, 'direito', 'superior');
insert into prateleira values (6, 'esquerdo', 'chao');
insert into prateleira values (6, 'esquerdo', 'medio');
insert into prateleira values (6, 'esquerdo', 'superior');
insert into prateleira values (6, 'direito', 'chao');
insert into prateleira values (6, 'direito', 'medio');
insert into prateleira values (6, 'direito', 'superior');
insert into prateleira values (7, 'esquerdo', 'chao');
insert into prateleira values (7, 'esquerdo', 'medio');
insert into prateleira values (7, 'esquerdo', 'superior');
insert into prateleira values (7, 'direito', 'chao');
insert into prateleira values (7, 'direito', 'medio');
insert into prateleira values (7, 'direito', 'superior');

insert into planograma values (1173946541904, 1, 'esquerdo', 'chao', 1, 10, 1);
insert into planograma values (1485975080046, 1, 'esquerdo', 'medio', 1, 10, 1);
insert into planograma values (1688749857592, 1, 'direito', 'chao', 1, 10, 1);
insert into planograma values (2732276439497, 1, 'direito', 'medio', 1, 10, 1);
insert into planograma values (2788286814425, 1, 'esquerdo', 'superior', 1, 20, 1);
insert into planograma values (2901207000030, 1, 'direito', 'superior', 1, 20, 1);
insert into planograma values (2913656132493, 2, 'esquerdo', 'chao', 1, 20, 1);
insert into planograma values (3248666555758, 2, 'esquerdo', 'medio', 1, 20, 1);
insert into planograma values (3379262152689, 2, 'esquerdo', 'superior', 1, 5, 1);
insert into planograma values (3504045126739, 2, 'direito', 'chao', 1, 5, 1);
insert into planograma values (3598599749415, 2, 'direito', 'medio', 1, 5, 1);
insert into planograma values (3725127445588, 2, 'direito', 'superior', 1, 5, 1);
insert into planograma values (3987796545437, 3, 'esquerdo', 'chao', 1, 5, 1);
insert into planograma values (5082709872237, 3, 'esquerdo', 'medio', 1, 5, 1);
insert into planograma values (5903943214909, 3, 'esquerdo', 'superior', 1, 5, 1);
insert into planograma values (9055813168568, 3, 'direito', 'chao', 1, 300, 1);
insert into planograma values (8930451391260, 3, 'direito', 'medio', 1, 200, 1);
insert into planograma values (8613741200154, 3, 'direito', 'superior', 1, 20, 1);
insert into planograma values (7720163119999, 4, 'esquerdo', 'chao', 1, 12, 1);
insert into planograma values (7608982293523, 4, 'esquerdo', 'medio', 1, 10, 1);
insert into planograma values (6637277148509, 4, 'esquerdo', 'superior', 1, 30, 1);
insert into planograma values (6568482112131, 4, 'direito', 'chao', 1, 30, 1);
insert into planograma values (9584451634819, 4, 'direito', 'medio', 1, 5, 1);
insert into planograma values (9065005664387, 4, 'direito', 'superior', 1, 5, 1);
insert into planograma values (9064995664447, 5, 'esquerdo', 'chao', 1, 5, 1);
insert into planograma values (9064995664387, 5, 'esquerdo', 'medio', 1, 5, 1);
insert into planograma values (6289960572145, 5, 'esquerdo', 'superior', 1, 5, 1);
insert into planograma values (5963744306872, 5, 'direito', 'chao', 1, 5, 1);

insert into planograma values (5868032419653, 5, 'direito', 'superior', 1, 5, 1);
insert into planograma values (9592730540609, 6, 'esquerdo', 'chao', 1, 30, 1);
insert into planograma values (9594553585781, 6, 'esquerdo', 'medio', 1, 30, 1);
insert into planograma values (9709305883142, 6, 'esquerdo', 'superior', 1, 30, 1);
insert into planograma values (9878849698066, 6, 'direito', 'chao', 1, 30, 1);
insert into planograma values (1480368263471, 6, 'direito', 'medio', 1, 30, 1);
insert into planograma values (2259191076425, 7, 'esquerdo', 'chao', 1, 10, 1);
insert into planograma values (2745218999922, 7, 'esquerdo', 'medio', 1, 10, 1);
insert into planograma values (4378032769996, 7, 'esquerdo', 'superior', 1, 10, 1);
insert into planograma values (6387159284643, 7, 'direito', 'chao', 1, 5, 1);
insert into planograma values (6387159284644, 7, 'direito', 'medio', 1, 10, 1);

insert into evento_reposicao values (13937979, '2017-11-21');
insert into evento_reposicao values (10597139, '2017-11-27');
insert into evento_reposicao values (20971336, '2017-11-27');
insert into evento_reposicao values (18974697, '2017-11-26');

insert into reposicao values (1173946541904, 1, 'esquerdo', 'chao', 13937979, '2017-11-21', 5);
insert into reposicao values (1485975080046, 1, 'esquerdo', 'medio', 13937979, '2017-11-21', 5);
insert into reposicao values (2788286814425, 1, 'esquerdo', 'superior', 13937979, '2017-11-21', 5);
insert into reposicao values (1688749857592, 1, 'direito', 'chao', 13937979, '2017-11-21', 5);
insert into reposicao values (2732276439497, 1, 'direito', 'medio', 13937979, '2017-11-21', 5);
insert into reposicao values (2901207000030, 1, 'direito', 'superior', 13937979, '2017-11-21', 5);
insert into reposicao values (2913656132493, 2, 'esquerdo', 'chao', 13937979, '2017-11-21', 5);
insert into reposicao values (3248666555758, 2, 'esquerdo', 'medio', 13937979, '2017-11-21', 2);
insert into reposicao values (3379262152689, 2, 'esquerdo', 'superior', 13937979, '2017-11-21', 2);
insert into reposicao values (3504045126739, 2, 'direito', 'chao', 13937979, '2017-11-21', 2);
insert into reposicao values (3598599749415, 2, 'direito', 'medio', 13937979, '2017-11-21', 5);
insert into reposicao values (3725127445588, 2, 'direito', 'superior', 13937979, '2017-11-21', 5);
insert into reposicao values (3987796545437, 3, 'esquerdo', 'chao', 13937979, '2017-11-21', 3);
insert into reposicao values (5082709872237, 3, 'esquerdo', 'medio', 13937979, '2017-11-21', 4);
insert into reposicao values (5903943214909, 3, 'esquerdo', 'superior', 13937979, '2017-11-21', 4);
insert into reposicao values (9055813168568, 3, 'direito', 'chao', 18974697, '2017-11-26', 200);
insert into reposicao values (8930451391260, 3, 'direito', 'medio', 18974697, '2017-11-26', 150);
insert into reposicao values (8613741200154, 3, 'direito', 'superior', 18974697, '2017-11-26', 5);
insert into reposicao values (6568482112131, 4, 'direito', 'chao', 18974697, '2017-11-26', 20);
insert into reposicao values (9584451634819, 4, 'direito', 'medio', 20971336, '2017-11-27', 1);
insert into reposicao values (9065005664387, 4, 'direito', 'superior', 20971336, '2017-11-27', 2);
insert into reposicao values (7720163119999, 4, 'esquerdo', 'chao', 18974697, '2017-11-26', 3);
insert into reposicao values (7608982293523, 4, 'esquerdo', 'medio', 18974697, '2017-11-26', 3);
insert into reposicao values (6637277148509, 4, 'esquerdo', 'superior', 18974697, '2017-11-26', 5);
insert into reposicao values (9064995664447, 5, 'esquerdo', 'chao', 20971336, '2017-11-27', 3);
insert into reposicao values (9064995664387, 5, 'esquerdo', 'medio', 20971336, '2017-11-27', 2);
insert into reposicao values (6289960572145, 5, 'esquerdo', 'superior', 20971336, '2017-11-27', 2);
insert into reposicao values (5963744306872, 5, 'direito', 'chao', 20971336, '2017-11-27', 2);
insert into reposicao values (5868032419653, 5, 'direito', 'superior', 10597139, '2017-11-27', 5);
insert into reposicao values (9592730540609, 6, 'esquerdo', 'chao', 18974697, '2017-11-26', 18);
insert into reposicao values (9594553585781, 6, 'esquerdo', 'medio', 18974697, '2017-11-26', 14);
insert into reposicao values (9709305883142, 6, 'esquerdo', 'superior', 18974697, '2017-11-26', 10);
insert into reposicao values (9878849698066, 6, 'direito', 'chao', 18974697, '2017-11-26', 8);
insert into reposicao values (1480368263471, 6, 'direito', 'medio', 18974697, '2017-11-26', 22);
insert into reposicao values (2259191076425, 7, 'esquerdo', 'chao', 18974697, '2017-11-26', 4);
insert into reposicao values (2745218999922, 7, 'esquerdo', 'medio', 18974697, '2017-11-26', 4);
insert into reposicao values (4378032769996, 7, 'esquerdo', 'superior', 18974697, '2017-11-26', 4);
insert into reposicao values (6387159284643, 7, 'direito', 'chao', 18974697, '2017-11-26', 4);
insert into reposicao values (6387159284644, 7, 'direito', 'medio', 18974697, '2017-11-26', 8);
